strategy,accuracy,precision,recall,f1,roc_auc,pr_auc
none,0.8381635581061693,0.5443786982248521,0.15889464594127806,0.24598930481283424,0.7698371661513846,0.40089687728107715
smote,0.6952654232424678,0.3114754098360656,0.689119170984456,0.4290322580645161,0.7670040069560091,0.396437477431327
class_weight,0.6992826398852224,0.3143309580364212,0.6856649395509499,0.43105320304017375,0.77039405101945,0.3999487638435866
